aadhar,contact,email
6.0026E+11,9820110409,JavaMail.evans@gmail.com
6.00273E+11,9044818730,pythonmail@gmail.com
6.00282E+11,9807345614,crimerpon@gmail.com
6.00282E+11,9821991836,pagarvi33@gmail.com
6.0026E+11,9565581757,maklavi88@gmail.com
6.0026E+11,9579284374,kaith4@gmail.com
6.0026E+11,9716682075,malavi0@gmail.com
6.00106E+11,9506996026,gold22@gmail.cm
6.00073E+11,9769932766,excel6@gmail.com
6.00056E+11,9506996026,mircro42@gmail.com
6.00031E+11,9453439911,comperor4@gmail.com
6.00177E+11,9984822528,extaz33@gmail.com
6.00328E+11,9320349164,reringa0@gmail.com
6.00141E+11,9892632287,expectorroomer@gmail.com
6.00113E+11,9819938553,longgercgr@gmail.com
6.00138E+11,8108317626,servivorfre2@gmail.com
6.00082E+11,9451630116,floteror5@gmail.com
6.00106E+11,9792639943,realpaiod6@gmail.com
6.00004E+11,9598164418,softersolution7@gmail.com
